[
{
    "model": "contenttypes.contenttype",
    "pk": 1,
    "fields": {
        "app_label": "admin",
        "model": "logentry"
    }
},
{
    "model": "contenttypes.contenttype",
    "pk": 2,
    "fields": {
        "app_label": "auth",
        "model": "permission"
    }
},
{
    "model": "contenttypes.contenttype",
    "pk": 3,
    "fields": {
        "app_label": "auth",
        "model": "group"
    }
},
{
    "model": "contenttypes.contenttype",
    "pk": 4,
    "fields": {
        "app_label": "contenttypes",
        "model": "contenttype"
    }
},
{
    "model": "contenttypes.contenttype",
    "pk": 5,
    "fields": {
        "app_label": "sessions",
        "model": "session"
    }
},
{
    "model": "contenttypes.contenttype",
    "pk": 6,
    "fields": {
        "app_label": "project",
        "model": "position"
    }
},
{
    "model": "contenttypes.contenttype",
    "pk": 7,
    "fields": {
        "app_label": "project",
        "model": "project"
    }
},
{
    "model": "contenttypes.contenttype",
    "pk": 8,
    "fields": {
        "app_label": "project",
        "model": "customuser"
    }
},
{
    "model": "contenttypes.contenttype",
    "pk": 9,
    "fields": {
        "app_label": "object",
        "model": "object"
    }
},
{
    "model": "contenttypes.contenttype",
    "pk": 10,
    "fields": {
        "app_label": "work",
        "model": "completeworks"
    }
},
{
    "model": "contenttypes.contenttype",
    "pk": 11,
    "fields": {
        "app_label": "work",
        "model": "typeofwork"
    }
},
{
    "model": "contenttypes.contenttype",
    "pk": 12,
    "fields": {
        "app_label": "work",
        "model": "unit"
    }
},
{
    "model": "contenttypes.contenttype",
    "pk": 13,
    "fields": {
        "app_label": "work",
        "model": "planworks"
    }
},
{
    "model": "contenttypes.contenttype",
    "pk": 14,
    "fields": {
        "app_label": "work",
        "model": "works"
    }
},
{
    "model": "contenttypes.contenttype",
    "pk": 15,
    "fields": {
        "app_label": "materials",
        "model": "materials"
    }
},
{
    "model": "contenttypes.contenttype",
    "pk": 16,
    "fields": {
        "app_label": "materials",
        "model": "planmaterials"
    }
},
{
    "model": "contenttypes.contenttype",
    "pk": 17,
    "fields": {
        "app_label": "materials",
        "model": "deliveredmaterials"
    }
},
{
    "model": "contenttypes.contenttype",
    "pk": 18,
    "fields": {
        "app_label": "materials",
        "model": "groups"
    }
},
{
    "model": "contenttypes.contenttype",
    "pk": 19,
    "fields": {
        "app_label": "work",
        "model": "groups"
    }
},
{
    "model": "sessions.session",
    "pk": "5kvc1ny2blircaz6z3hkwmzbed2f44uh",
    "fields": {
        "session_data": "YzU2N2ViM2U3YmMxODIzNGNmNjg4NTg4NDBhNGM4YWY1MTJmMmZjMjp7Il9hdXRoX3VzZXJfaWQiOiI1IiwiX2F1dGhfdXNlcl9iYWNrZW5kIjoiZGphbmdvLmNvbnRyaWIuYXV0aC5iYWNrZW5kcy5Nb2RlbEJhY2tlbmQiLCJfYXV0aF91c2VyX2hhc2giOiJjMDgxMWFhYjNhMzE2ZmIzNTJhNzljNTQ5MjNiZmRlNGU0MGNmNjA5In0=",
        "expire_date": "2020-07-07T18:54:59.110Z"
    }
},
{
    "model": "sessions.session",
    "pk": "iv7arz45odwfjm00c7b4lmdduaykwn98",
    "fields": {
        "session_data": "YzNjYzE3M2JkZDZlZTYyYTA4YTk1NmMwZmUzMDk3ZmIwYmZkYjk1Yjp7Il9hdXRoX3VzZXJfaWQiOiIyIiwiX2F1dGhfdXNlcl9iYWNrZW5kIjoiZGphbmdvLmNvbnRyaWIuYXV0aC5iYWNrZW5kcy5Nb2RlbEJhY2tlbmQiLCJfYXV0aF91c2VyX2hhc2giOiJhNmI0MzE1YjdmMDZjMmQ0M2UyODI2YzlkNzA3MmFmNDM3NDJmYTkxIn0=",
        "expire_date": "2020-08-20T12:37:55.854Z"
    }
},
{
    "model": "sessions.session",
    "pk": "r6ek42j5hvqc9jlhavw1ec9er7oig7n3",
    "fields": {
        "session_data": "YzU2N2ViM2U3YmMxODIzNGNmNjg4NTg4NDBhNGM4YWY1MTJmMmZjMjp7Il9hdXRoX3VzZXJfaWQiOiI1IiwiX2F1dGhfdXNlcl9iYWNrZW5kIjoiZGphbmdvLmNvbnRyaWIuYXV0aC5iYWNrZW5kcy5Nb2RlbEJhY2tlbmQiLCJfYXV0aF91c2VyX2hhc2giOiJjMDgxMWFhYjNhMzE2ZmIzNTJhNzljNTQ5MjNiZmRlNGU0MGNmNjA5In0=",
        "expire_date": "2020-07-21T18:59:31.439Z"
    }
},
{
    "model": "project.position",
    "pk": 12,
    "fields": {
        "Name_Position": "\u0420\u0443\u043a\u043e\u0432\u043e\u0434\u0438\u0442\u0435\u043b\u044c"
    }
},
{
    "model": "project.position",
    "pk": 13,
    "fields": {
        "Name_Position": "\u041c\u0435\u043d\u0435\u0434\u0436\u0435\u0440"
    }
},
{
    "model": "project.position",
    "pk": 14,
    "fields": {
        "Name_Position": "\u0418\u043d\u0436\u0435\u043d\u0435\u0440"
    }
},
{
    "model": "project.position",
    "pk": 15,
    "fields": {
        "Name_Position": "\u0411\u0440\u0438\u0433\u0430\u0434\u0438\u0440"
    }
},
{
    "model": "project.position",
    "pk": 16,
    "fields": {
        "Name_Position": "\u041c\u043e\u043d\u0442\u0430\u0436\u043d\u0438\u043a"
    }
},
{
    "model": "project.project",
    "pk": 1,
    "fields": {
        "Name_Project": "2015-5.986",
        "Perform_proc": 8,
        "slug": "2015-5986-1589274616"
    }
},
{
    "model": "project.project",
    "pk": 2,
    "fields": {
        "Name_Project": "20154-33",
        "Perform_proc": 0,
        "slug": "20154-33-1589274628"
    }
},
{
    "model": "work.unit",
    "pk": 1,
    "fields": {
        "name": "\u043c."
    }
},
{
    "model": "work.unit",
    "pk": 2,
    "fields": {
        "name": "\u0448\u0442."
    }
},
{
    "model": "work.unit",
    "pk": 3,
    "fields": {
        "name": "\u043a\u043e\u043c\u043f\u043b."
    }
},
{
    "model": "work.unit",
    "pk": 4,
    "fields": {
        "name": "100 \u0436\u0438\u043b"
    }
},
{
    "model": "work.unit",
    "pk": 5,
    "fields": {
        "name": "\u0442."
    }
},
{
    "model": "work.unit",
    "pk": 6,
    "fields": {
        "name": "\u043c2"
    }
},
{
    "model": "work.unit",
    "pk": 7,
    "fields": {
        "name": "\u043c3"
    }
},
{
    "model": "work.unit",
    "pk": 8,
    "fields": {
        "name": "\u043d\u043e\u043c\u0435\u0440"
    }
},
{
    "model": "work.groups",
    "pk": 1,
    "fields": {
        "name": "\u0412\u042d\u0420\u0421"
    }
},
{
    "model": "work.groups",
    "pk": 2,
    "fields": {
        "name": "\u0420\u0421\u041e\u0422\u0421"
    }
},
{
    "model": "work.groups",
    "pk": 3,
    "fields": {
        "name": "\u041a\u041d\u0421"
    }
},
{
    "model": "work.groups",
    "pk": 4,
    "fields": {
        "name": "\u0412\u0420\u0421"
    }
},
{
    "model": "work.groups",
    "pk": 5,
    "fields": {
        "name": "\u042d\u0417"
    }
},
{
    "model": "work.groups",
    "pk": 6,
    "fields": {
        "name": "\u041b\u0412\u0421\u0417\u0421"
    }
},
{
    "model": "work.typeofwork",
    "pk": 1,
    "fields": {
        "name": "\u041c\u043e\u043d\u0442\u0430\u0436 \u0441\u0442\u0430\u043d\u0446\u0438\u0438 \u0410\u0422\u0421-\u0420",
        "NCH_unit_of_time": "0.32",
        "unit": 8,
        "group": 2
    }
},
{
    "model": "work.typeofwork",
    "pk": 2,
    "fields": {
        "name": "\u041f\u0440\u043e\u043a\u043b\u0430\u0434\u043a\u0430 \u043a\u0430\u0431\u0435\u043b\u044f (\u043f\u043e \u043a\u043e\u043b-\u0432\u0443 \u043a\u0430\u0431\u0435\u043b\u044f \u043d\u0430 \u043e\u0431\u044a\u0435\u043a\u0442\u0435)",
        "NCH_unit_of_time": "0.08",
        "unit": 1,
        "group": 1
    }
},
{
    "model": "work.typeofwork",
    "pk": 3,
    "fields": {
        "name": "\u041f\u0440\u0438\u0431\u043e\u0440, \u0443\u0441\u0442\u0430\u043d\u0430\u0432\u043b\u0438\u0432\u0430\u0435\u043c\u044b\u0439 \u043d\u0430 \u0440\u0435\u0437\u044c\u0431\u043e\u0432\u044b\u0445 \u0441\u043e\u0435\u0434\u0438\u043d\u0435\u043d\u0438\u044f\u0445, \u043c\u0430\u0441\u0441\u0430 \u0434\u043e 1,5 \u043a\u0433",
        "NCH_unit_of_time": "0.68",
        "unit": 2,
        "group": 4
    }
},
{
    "model": "work.typeofwork",
    "pk": 4,
    "fields": {
        "name": "\u041c\u043e\u043d\u0442\u0430\u0436 \u0432\u0438\u0434\u0435\u043e\u0441\u0442\u0435\u043d\u044b",
        "NCH_unit_of_time": "77.46",
        "unit": 2,
        "group": 6
    }
},
{
    "model": "work.typeofwork",
    "pk": 5,
    "fields": {
        "name": "\u0423\u0441\u0442\u0430\u043d\u043e\u0432\u043a\u0430 \u043c\u0438\u043a\u0440\u043e\u0444\u043e\u043d\u0430",
        "NCH_unit_of_time": "1.82",
        "unit": 2,
        "group": 2
    }
},
{
    "model": "work.typeofwork",
    "pk": 6,
    "fields": {
        "name": "\u0413\u0435\u0440\u043c\u0435\u0442\u0438\u0437\u0430\u0446\u0438\u044f \u043e\u0442\u0432\u0435\u0440\u0441\u0442\u0438\u0439",
        "NCH_unit_of_time": "0.32",
        "unit": 2,
        "group": 3
    }
},
{
    "model": "work.planworks",
    "pk": 229,
    "fields": {
        "name_object": 80,
        "type_works": 6,
        "quantity_plan": "34.00",
        "NCH_general": "10.88",
        "quantity_complete": "2.00",
        "NCH_left": "10.24",
        "NCH_spent": "0.64",
        "perform_proc": 5,
        "comment": "",
        "color": "(240, 15, 0)"
    }
},
{
    "model": "work.planworks",
    "pk": 230,
    "fields": {
        "name_object": 80,
        "type_works": 4,
        "quantity_plan": "23.00",
        "NCH_general": "1781.58",
        "quantity_complete": "4.00",
        "NCH_left": "1471.74",
        "NCH_spent": "309.84",
        "perform_proc": 17,
        "comment": "",
        "color": "(204, 51, 0)"
    }
},
{
    "model": "work.planworks",
    "pk": 231,
    "fields": {
        "name_object": 80,
        "type_works": 3,
        "quantity_plan": "1.00",
        "NCH_general": "0.68",
        "quantity_complete": "1.00",
        "NCH_left": "0.00",
        "NCH_spent": "0.68",
        "perform_proc": 100,
        "comment": "",
        "color": "(-45, 300, 0)"
    }
},
{
    "model": "work.planworks",
    "pk": 232,
    "fields": {
        "name_object": 80,
        "type_works": 1,
        "quantity_plan": "3.00",
        "NCH_general": "0.96",
        "quantity_complete": "0.00",
        "NCH_left": "0.96",
        "NCH_spent": "0.00",
        "perform_proc": 0,
        "comment": "",
        "color": "(255, 0, 0)"
    }
},
{
    "model": "work.planworks",
    "pk": 233,
    "fields": {
        "name_object": 80,
        "type_works": 5,
        "quantity_plan": "4.00",
        "NCH_general": "7.28",
        "quantity_complete": "0.00",
        "NCH_left": "7.28",
        "NCH_spent": "0.00",
        "perform_proc": 0,
        "comment": "",
        "color": "(255, 0, 0)"
    }
},
{
    "model": "work.completeworks",
    "pk": 288,
    "fields": {
        "name_object": 80,
        "type_works": 6,
        "plan": 229,
        "quantity_complete": "2.00",
        "NCH_left": "10.24",
        "NCH_spent": "0.64",
        "comment": "",
        "date": "2020-08-06",
        "senior": "  a. .",
        "perform_proc": 5,
        "color": "(240, 15, 0)"
    }
},
{
    "model": "work.completeworks",
    "pk": 289,
    "fields": {
        "name_object": 80,
        "type_works": 4,
        "plan": 230,
        "quantity_complete": "4.00",
        "NCH_left": "1471.74",
        "NCH_spent": "309.84",
        "comment": "",
        "date": "2020-08-06",
        "senior": "  a. .",
        "perform_proc": 17,
        "color": "(204, 51, 0)"
    }
},
{
    "model": "work.completeworks",
    "pk": 290,
    "fields": {
        "name_object": 80,
        "type_works": 3,
        "plan": 231,
        "quantity_complete": "1.00",
        "NCH_left": "0.00",
        "NCH_spent": "0.68",
        "comment": "",
        "date": "2020-08-06",
        "senior": "  a. .",
        "perform_proc": 100,
        "color": "(-45, 300, 0)"
    }
},
{
    "model": "materials.materials",
    "pk": 8,
    "fields": {
        "name": "\u0417\u0430\u0436\u0438\u043c \u0432\u0438\u043d\u0442\u043e\u0432\u043e\u0439 \u043a\u0430\u043d\u0430\u0442\u043d\u044b\u0439 \u043e\u0446\u0438\u043d\u043a\u043e\u0432\u0430\u043d\u043d\u044b\u0439",
        "unit": 2,
        "group": 4
    }
},
{
    "model": "materials.materials",
    "pk": 9,
    "fields": {
        "name": "\u041a\u043e\u0443\u0448 \u0434\u043b\u044f \u0442\u0440\u043e\u0441\u0441\u0430 6\u043c\u043c",
        "unit": 2,
        "group": 4
    }
},
{
    "model": "materials.materials",
    "pk": 10,
    "fields": {
        "name": "\u0414\u0435\u0440\u0436\u0430\u0442\u0435\u043b\u044c DN36\u043c\u043c",
        "unit": 2,
        "group": 4
    }
},
{
    "model": "materials.materials",
    "pk": 11,
    "fields": {
        "name": "\u041a\u0440\u043e\u043d\u0448\u0442\u0435\u0439\u043d \u0423\u041d-\u0422",
        "unit": 2,
        "group": 4
    }
},
{
    "model": "materials.materials",
    "pk": 12,
    "fields": {
        "name": "\u0422\u0430\u043b\u0440\u0435\u043f \u0422-30-01",
        "unit": 2,
        "group": 4
    }
},
{
    "model": "materials.materials",
    "pk": 13,
    "fields": {
        "name": "\u041e\u0442\u0432\u0435\u0442\u0432\u0438\u0442\u0435\u043b\u044c\u043d\u044b\u0439 \u0441\u0436\u0438\u043c",
        "unit": 2,
        "group": 4
    }
},
{
    "model": "materials.materials",
    "pk": 14,
    "fields": {
        "name": "\u041f\u043e\u0434\u0432\u0435\u0441\u044b \u043c\u0435\u0442\u0430\u043b\u043b\u0438\u0447\u0435\u0441\u043a\u0438\u0435 \u041f-40",
        "unit": 2,
        "group": 4
    }
},
{
    "model": "materials.materials",
    "pk": 15,
    "fields": {
        "name": "\u0422\u0440\u0443\u0431\u0430 \u0441\u0442\u0430\u043b\u044c\u043d\u0430\u044f \u043f\u0440\u044f\u043c\u043e\u0448\u043e\u0432\u043d\u0430\u044f d=57 \u0441\u0442.3",
        "unit": 1,
        "group": 4
    }
},
{
    "model": "materials.materials",
    "pk": 16,
    "fields": {
        "name": "\u041a\u0430\u0431\u0435\u043b\u044c \u0441\u0438\u043b\u043e\u0432\u043e\u0439 \u044d\u043a\u0440\u0430\u043d\u0438\u0440\u043e\u0432\u0430\u043d\u043d\u044b\u0439",
        "unit": 1,
        "group": 4
    }
},
{
    "model": "materials.materials",
    "pk": 17,
    "fields": {
        "name": "\u0412\u0412\u0413\u042d\u043d\u0433-LS 5\u044510",
        "unit": 1,
        "group": 4
    }
},
{
    "model": "materials.materials",
    "pk": 18,
    "fields": {
        "name": "\u0412\u0412\u0413\u042d\u043d\u0433-LS 5\u044516",
        "unit": 1,
        "group": 4
    }
},
{
    "model": "materials.materials",
    "pk": 19,
    "fields": {
        "name": "\u0417\u0430\u0436\u0438\u043c \u0432\u0438\u043d\u0442\u043e\u0432\u043e\u0439 \u043a\u0430\u043d\u0430\u0442\u043d\u044b\u0439 \u043e\u0446\u0438\u043d\u043a\u043e\u0432\u0430\u043d\u043d\u044b\u0439",
        "unit": 2,
        "group": 4
    }
},
{
    "model": "materials.materials",
    "pk": 20,
    "fields": {
        "name": "\u041a\u0430\u0431\u0435\u043b\u044c-\u043a\u0430\u043d\u0430\u043b \u0441 \u0444\u0440\u043e\u043d\u0442\u0430\u043b\u044c\u043d\u043e\u0439 \u043a\u0440\u044b\u0448\u043a\u043e\u0439 110\u044550",
        "unit": 1,
        "group": 3
    }
},
{
    "model": "materials.materials",
    "pk": 21,
    "fields": {
        "name": "\u0420\u0430\u0437\u0434\u0435\u043b\u0438\u0442\u0435\u043b\u044c \u0443\u043d\u0438\u0432\u0435\u0440\u0441\u0438\u0430\u043b\u044c\u043d\u044b\u0439 \u0434\u043b\u044f \u043a\u0430\u0431\u0435\u043b\u044c-\u043a\u0430\u043d\u0430\u043b 110\u044550",
        "unit": 1,
        "group": 3
    }
},
{
    "model": "materials.materials",
    "pk": 22,
    "fields": {
        "name": "\u041d\u0430\u043a\u043b\u0430\u0434\u043a\u0430 \u043d\u0430 \u0441\u0442\u044b\u043a \u043f\u0440\u043e\u0444\u0438\u043b\u044f \u0434\u043b\u044f \u043a\u0430\u0431\u0435\u043b\u044c-\u043a\u0430\u043d\u0430\u043b 110\u044550",
        "unit": 2,
        "group": 3
    }
},
{
    "model": "materials.materials",
    "pk": 23,
    "fields": {
        "name": "\u041d\u0430\u043a\u043b\u0430\u0434\u043a\u0430 \u043d\u0430 \u0441\u0442\u044b\u043a \u0444\u0440\u043e\u043d\u0442\u0430\u043b\u044c\u043d\u0430\u044f \u0434\u043b\u044f \u043a\u0430\u0431\u0435\u043b\u044c-\u043a\u0430\u043d\u0430\u043b 110\u044550",
        "unit": 2,
        "group": 3
    }
},
{
    "model": "materials.materials",
    "pk": 24,
    "fields": {
        "name": "\u0423\u0433\u043e\u043b \u0432\u043d\u0435\u0448\u043d\u0438\u0439 \u0438\u0437\u043c\u0435\u043d\u044f\u0435\u043c\u044b\u0439(80-120) \u0434\u043b\u044f \u043a\u0430\u0431\u0435\u043b\u044c-\u043a\u0430\u043d\u0430\u043b\u0430 110\u044550",
        "unit": 2,
        "group": 3
    }
},
{
    "model": "materials.materials",
    "pk": 25,
    "fields": {
        "name": "\u0423\u0433\u043e\u043b \u0432\u043d\u0443\u0442\u0440\u0435\u043d\u043d\u0438\u0439 \u0438\u0437\u043c\u0435\u043d\u044f\u0435\u043c\u044b\u0439(70-120) \u0434\u043b\u044f \u043a\u0430\u0431\u0435\u043b\u044c-\u043a\u0430\u043d\u0430\u043b\u0430 110\u044550",
        "unit": 2,
        "group": 3
    }
},
{
    "model": "materials.materials",
    "pk": 26,
    "fields": {
        "name": "\u0423\u0433\u043e\u043b \u043f\u043b\u043e\u0441\u043a\u0438\u0439  \u0434\u043b\u044f \u043a\u0430\u0431\u0435\u043b\u044c-\u043a\u0430\u043d\u0430\u043b\u0430 110\u044550",
        "unit": 2,
        "group": 3
    }
},
{
    "model": "materials.materials",
    "pk": 27,
    "fields": {
        "name": "\u0422\u0440\u043e\u0439\u043d\u0438\u043a \u0434\u043b\u044f \u043a\u0430\u0431\u0435\u043b\u044c-\u043a\u0430\u043d\u0430\u043b\u0430 110\u044550",
        "unit": 2,
        "group": 3
    }
},
{
    "model": "materials.materials",
    "pk": 28,
    "fields": {
        "name": "\u0412\u044b\u043a\u043b\u044e\u0447\u0430\u0442\u0435\u043b\u044c \u043d\u0430\u0433\u0440\u0443\u0437\u043a\u0438 \u042d\u043f",
        "unit": 2,
        "group": 3
    }
},
{
    "model": "materials.materials",
    "pk": 29,
    "fields": {
        "name": "\u0412\u044b\u043a\u043b\u044e\u0447\u0430\u0442\u0435\u043b\u044c \u043d\u0430\u0433\u0440\u0443\u0437\u043a\u0438 \u042d\u043f",
        "unit": 2,
        "group": 3
    }
},
{
    "model": "materials.materials",
    "pk": 30,
    "fields": {
        "name": "\u0429\u0438\u0442 \u044d\u043b\u0435\u043a\u0442\u0440\u0438\u0447\u0435\u0441\u043a\u0438\u0439 \u0441 \u0443\u0441\u0442\u0440\u043e\u0439\u0441\u0442\u0432\u043e\u043c \u0434\u043b\u044f \u043e\u043f\u0435\u0447\u0430\u0442\u044b\u0432\u0430\u043d\u0438\u044f",
        "unit": 2,
        "group": 3
    }
},
{
    "model": "materials.materials",
    "pk": 31,
    "fields": {
        "name": "\u0429\u0438\u0442 \u044d\u043b\u0435\u043a\u0442\u0440\u0438\u0447\u0435\u0441\u043a\u0438\u0439 \u0441 \u0443\u0441\u0442\u0440\u043e\u0439\u0441\u0442\u0432\u043e\u043c \u0434\u043b\u044f \u043e\u043f\u0435\u0447\u0430\u0442\u044b\u0432\u0430\u043d\u0438\u044f",
        "unit": 2,
        "group": 3
    }
},
{
    "model": "materials.materials",
    "pk": 32,
    "fields": {
        "name": "\u0417\u0430\u0433\u043b\u0443\u0448\u043a\u0430 \u0434\u043b\u044f \u0449\u0438\u0442\u0430 \u044d\u043b\u0435\u043a\u0442\u0440\u0438\u0447\u0435\u0441\u043a\u043e\u0433\u043e",
        "unit": 2,
        "group": 3
    }
},
{
    "model": "materials.materials",
    "pk": 33,
    "fields": {
        "name": "\u0420\u043e\u0437\u0435\u0442\u043a\u0430 \u044d\u043b\u0435\u043a\u0442\u0440\u0438\u0447\u0435\u0441\u043a\u0430\u044f",
        "unit": 2,
        "group": 3
    }
},
{
    "model": "materials.planmaterials",
    "pk": 7,
    "fields": {
        "material": 9,
        "quantity_plan": "4.00",
        "quantity_delivered": "0.00",
        "name_object": 80,
        "group": 4
    }
},
{
    "model": "materials.planmaterials",
    "pk": 8,
    "fields": {
        "material": 11,
        "quantity_plan": "2.00",
        "quantity_delivered": "0.00",
        "name_object": 80,
        "group": 4
    }
},
{
    "model": "materials.planmaterials",
    "pk": 9,
    "fields": {
        "material": 13,
        "quantity_plan": "3.00",
        "quantity_delivered": "0.00",
        "name_object": 80,
        "group": 4
    }
},
{
    "model": "materials.planmaterials",
    "pk": 10,
    "fields": {
        "material": 17,
        "quantity_plan": "67.00",
        "quantity_delivered": "0.00",
        "name_object": 80,
        "group": 1
    }
},
{
    "model": "materials.planmaterials",
    "pk": 11,
    "fields": {
        "material": 18,
        "quantity_plan": "6.00",
        "quantity_delivered": "0.00",
        "name_object": 80,
        "group": 1
    }
},
{
    "model": "materials.planmaterials",
    "pk": 12,
    "fields": {
        "material": 29,
        "quantity_plan": "5.00",
        "quantity_delivered": "0.00",
        "name_object": 80,
        "group": 1
    }
},
{
    "model": "materials.planmaterials",
    "pk": 13,
    "fields": {
        "material": 23,
        "quantity_plan": "56.00",
        "quantity_delivered": "0.00",
        "name_object": 80,
        "group": 3
    }
},
{
    "model": "materials.planmaterials",
    "pk": 14,
    "fields": {
        "material": 20,
        "quantity_plan": "66.00",
        "quantity_delivered": "0.00",
        "name_object": 80,
        "group": 3
    }
},
{
    "model": "materials.planmaterials",
    "pk": 15,
    "fields": {
        "material": 26,
        "quantity_plan": "34.00",
        "quantity_delivered": "0.00",
        "name_object": 80,
        "group": 3
    }
},
{
    "model": "auth.permission",
    "pk": 1,
    "fields": {
        "name": "Can add log entry",
        "content_type": 1,
        "codename": "add_logentry"
    }
},
{
    "model": "auth.permission",
    "pk": 2,
    "fields": {
        "name": "Can change log entry",
        "content_type": 1,
        "codename": "change_logentry"
    }
},
{
    "model": "auth.permission",
    "pk": 3,
    "fields": {
        "name": "Can delete log entry",
        "content_type": 1,
        "codename": "delete_logentry"
    }
},
{
    "model": "auth.permission",
    "pk": 4,
    "fields": {
        "name": "Can view log entry",
        "content_type": 1,
        "codename": "view_logentry"
    }
},
{
    "model": "auth.permission",
    "pk": 5,
    "fields": {
        "name": "Can add permission",
        "content_type": 2,
        "codename": "add_permission"
    }
},
{
    "model": "auth.permission",
    "pk": 6,
    "fields": {
        "name": "Can change permission",
        "content_type": 2,
        "codename": "change_permission"
    }
},
{
    "model": "auth.permission",
    "pk": 7,
    "fields": {
        "name": "Can delete permission",
        "content_type": 2,
        "codename": "delete_permission"
    }
},
{
    "model": "auth.permission",
    "pk": 8,
    "fields": {
        "name": "Can view permission",
        "content_type": 2,
        "codename": "view_permission"
    }
},
{
    "model": "auth.permission",
    "pk": 9,
    "fields": {
        "name": "Can add group",
        "content_type": 3,
        "codename": "add_group"
    }
},
{
    "model": "auth.permission",
    "pk": 10,
    "fields": {
        "name": "Can change group",
        "content_type": 3,
        "codename": "change_group"
    }
},
{
    "model": "auth.permission",
    "pk": 11,
    "fields": {
        "name": "Can delete group",
        "content_type": 3,
        "codename": "delete_group"
    }
},
{
    "model": "auth.permission",
    "pk": 12,
    "fields": {
        "name": "Can view group",
        "content_type": 3,
        "codename": "view_group"
    }
},
{
    "model": "auth.permission",
    "pk": 13,
    "fields": {
        "name": "Can add content type",
        "content_type": 4,
        "codename": "add_contenttype"
    }
},
{
    "model": "auth.permission",
    "pk": 14,
    "fields": {
        "name": "Can change content type",
        "content_type": 4,
        "codename": "change_contenttype"
    }
},
{
    "model": "auth.permission",
    "pk": 15,
    "fields": {
        "name": "Can delete content type",
        "content_type": 4,
        "codename": "delete_contenttype"
    }
},
{
    "model": "auth.permission",
    "pk": 16,
    "fields": {
        "name": "Can view content type",
        "content_type": 4,
        "codename": "view_contenttype"
    }
},
{
    "model": "auth.permission",
    "pk": 17,
    "fields": {
        "name": "Can add session",
        "content_type": 5,
        "codename": "add_session"
    }
},
{
    "model": "auth.permission",
    "pk": 18,
    "fields": {
        "name": "Can change session",
        "content_type": 5,
        "codename": "change_session"
    }
},
{
    "model": "auth.permission",
    "pk": 19,
    "fields": {
        "name": "Can delete session",
        "content_type": 5,
        "codename": "delete_session"
    }
},
{
    "model": "auth.permission",
    "pk": 20,
    "fields": {
        "name": "Can view session",
        "content_type": 5,
        "codename": "view_session"
    }
},
{
    "model": "auth.permission",
    "pk": 21,
    "fields": {
        "name": "Can add \u0414\u043e\u043b\u0436\u043d\u043e\u0441\u0442\u044c",
        "content_type": 6,
        "codename": "add_position"
    }
},
{
    "model": "auth.permission",
    "pk": 22,
    "fields": {
        "name": "Can change \u0414\u043e\u043b\u0436\u043d\u043e\u0441\u0442\u044c",
        "content_type": 6,
        "codename": "change_position"
    }
},
{
    "model": "auth.permission",
    "pk": 23,
    "fields": {
        "name": "Can delete \u0414\u043e\u043b\u0436\u043d\u043e\u0441\u0442\u044c",
        "content_type": 6,
        "codename": "delete_position"
    }
},
{
    "model": "auth.permission",
    "pk": 24,
    "fields": {
        "name": "Can view \u0414\u043e\u043b\u0436\u043d\u043e\u0441\u0442\u044c",
        "content_type": 6,
        "codename": "view_position"
    }
},
{
    "model": "auth.permission",
    "pk": 25,
    "fields": {
        "name": "Can add \u041f\u0440\u043e\u0435\u043a\u0442",
        "content_type": 7,
        "codename": "add_project"
    }
},
{
    "model": "auth.permission",
    "pk": 26,
    "fields": {
        "name": "Can change \u041f\u0440\u043e\u0435\u043a\u0442",
        "content_type": 7,
        "codename": "change_project"
    }
},
{
    "model": "auth.permission",
    "pk": 27,
    "fields": {
        "name": "Can delete \u041f\u0440\u043e\u0435\u043a\u0442",
        "content_type": 7,
        "codename": "delete_project"
    }
},
{
    "model": "auth.permission",
    "pk": 28,
    "fields": {
        "name": "Can view \u041f\u0440\u043e\u0435\u043a\u0442",
        "content_type": 7,
        "codename": "view_project"
    }
},
{
    "model": "auth.permission",
    "pk": 29,
    "fields": {
        "name": "Can add \u0421\u043e\u0442\u0440\u0443\u0434\u043d\u0438\u043a",
        "content_type": 8,
        "codename": "add_customuser"
    }
},
{
    "model": "auth.permission",
    "pk": 30,
    "fields": {
        "name": "Can change \u0421\u043e\u0442\u0440\u0443\u0434\u043d\u0438\u043a",
        "content_type": 8,
        "codename": "change_customuser"
    }
},
{
    "model": "auth.permission",
    "pk": 31,
    "fields": {
        "name": "Can delete \u0421\u043e\u0442\u0440\u0443\u0434\u043d\u0438\u043a",
        "content_type": 8,
        "codename": "delete_customuser"
    }
},
{
    "model": "auth.permission",
    "pk": 32,
    "fields": {
        "name": "Can view \u0421\u043e\u0442\u0440\u0443\u0434\u043d\u0438\u043a",
        "content_type": 8,
        "codename": "view_customuser"
    }
},
{
    "model": "auth.permission",
    "pk": 33,
    "fields": {
        "name": "Can add \u041e\u0431\u044a\u0435\u043a\u0442",
        "content_type": 9,
        "codename": "add_object"
    }
},
{
    "model": "auth.permission",
    "pk": 34,
    "fields": {
        "name": "Can change \u041e\u0431\u044a\u0435\u043a\u0442",
        "content_type": 9,
        "codename": "change_object"
    }
},
{
    "model": "auth.permission",
    "pk": 35,
    "fields": {
        "name": "Can delete \u041e\u0431\u044a\u0435\u043a\u0442",
        "content_type": 9,
        "codename": "delete_object"
    }
},
{
    "model": "auth.permission",
    "pk": 36,
    "fields": {
        "name": "Can view \u041e\u0431\u044a\u0435\u043a\u0442",
        "content_type": 9,
        "codename": "view_object"
    }
},
{
    "model": "auth.permission",
    "pk": 37,
    "fields": {
        "name": "Can add complete works",
        "content_type": 10,
        "codename": "add_completeworks"
    }
},
{
    "model": "auth.permission",
    "pk": 38,
    "fields": {
        "name": "Can change complete works",
        "content_type": 10,
        "codename": "change_completeworks"
    }
},
{
    "model": "auth.permission",
    "pk": 39,
    "fields": {
        "name": "Can delete complete works",
        "content_type": 10,
        "codename": "delete_completeworks"
    }
},
{
    "model": "auth.permission",
    "pk": 40,
    "fields": {
        "name": "Can view complete works",
        "content_type": 10,
        "codename": "view_completeworks"
    }
},
{
    "model": "auth.permission",
    "pk": 41,
    "fields": {
        "name": "Can add type of work",
        "content_type": 11,
        "codename": "add_typeofwork"
    }
},
{
    "model": "auth.permission",
    "pk": 42,
    "fields": {
        "name": "Can change type of work",
        "content_type": 11,
        "codename": "change_typeofwork"
    }
},
{
    "model": "auth.permission",
    "pk": 43,
    "fields": {
        "name": "Can delete type of work",
        "content_type": 11,
        "codename": "delete_typeofwork"
    }
},
{
    "model": "auth.permission",
    "pk": 44,
    "fields": {
        "name": "Can view type of work",
        "content_type": 11,
        "codename": "view_typeofwork"
    }
},
{
    "model": "auth.permission",
    "pk": 45,
    "fields": {
        "name": "Can add unit",
        "content_type": 12,
        "codename": "add_unit"
    }
},
{
    "model": "auth.permission",
    "pk": 46,
    "fields": {
        "name": "Can change unit",
        "content_type": 12,
        "codename": "change_unit"
    }
},
{
    "model": "auth.permission",
    "pk": 47,
    "fields": {
        "name": "Can delete unit",
        "content_type": 12,
        "codename": "delete_unit"
    }
},
{
    "model": "auth.permission",
    "pk": 48,
    "fields": {
        "name": "Can view unit",
        "content_type": 12,
        "codename": "view_unit"
    }
},
{
    "model": "auth.permission",
    "pk": 49,
    "fields": {
        "name": "Can add plan works",
        "content_type": 13,
        "codename": "add_planworks"
    }
},
{
    "model": "auth.permission",
    "pk": 50,
    "fields": {
        "name": "Can change plan works",
        "content_type": 13,
        "codename": "change_planworks"
    }
},
{
    "model": "auth.permission",
    "pk": 51,
    "fields": {
        "name": "Can delete plan works",
        "content_type": 13,
        "codename": "delete_planworks"
    }
},
{
    "model": "auth.permission",
    "pk": 52,
    "fields": {
        "name": "Can view plan works",
        "content_type": 13,
        "codename": "view_planworks"
    }
},
{
    "model": "auth.permission",
    "pk": 53,
    "fields": {
        "name": "Can add \u041f\u043b\u0430\u043d\u0438\u0440\u0443\u0435\u043c\u044b\u0435 \u0440\u0430\u0431\u043e\u0442\u044b",
        "content_type": 14,
        "codename": "add_works"
    }
},
{
    "model": "auth.permission",
    "pk": 54,
    "fields": {
        "name": "Can change \u041f\u043b\u0430\u043d\u0438\u0440\u0443\u0435\u043c\u044b\u0435 \u0440\u0430\u0431\u043e\u0442\u044b",
        "content_type": 14,
        "codename": "change_works"
    }
},
{
    "model": "auth.permission",
    "pk": 55,
    "fields": {
        "name": "Can delete \u041f\u043b\u0430\u043d\u0438\u0440\u0443\u0435\u043c\u044b\u0435 \u0440\u0430\u0431\u043e\u0442\u044b",
        "content_type": 14,
        "codename": "delete_works"
    }
},
{
    "model": "auth.permission",
    "pk": 56,
    "fields": {
        "name": "Can view \u041f\u043b\u0430\u043d\u0438\u0440\u0443\u0435\u043c\u044b\u0435 \u0440\u0430\u0431\u043e\u0442\u044b",
        "content_type": 14,
        "codename": "view_works"
    }
},
{
    "model": "auth.permission",
    "pk": 57,
    "fields": {
        "name": "Can add \u041c\u0430\u0442\u0435\u0440\u0438\u0430\u043b\u044b",
        "content_type": 15,
        "codename": "add_materials"
    }
},
{
    "model": "auth.permission",
    "pk": 58,
    "fields": {
        "name": "Can change \u041c\u0430\u0442\u0435\u0440\u0438\u0430\u043b\u044b",
        "content_type": 15,
        "codename": "change_materials"
    }
},
{
    "model": "auth.permission",
    "pk": 59,
    "fields": {
        "name": "Can delete \u041c\u0430\u0442\u0435\u0440\u0438\u0430\u043b\u044b",
        "content_type": 15,
        "codename": "delete_materials"
    }
},
{
    "model": "auth.permission",
    "pk": 60,
    "fields": {
        "name": "Can view \u041c\u0430\u0442\u0435\u0440\u0438\u0430\u043b\u044b",
        "content_type": 15,
        "codename": "view_materials"
    }
},
{
    "model": "auth.permission",
    "pk": 61,
    "fields": {
        "name": "Can add \u041f\u043b\u0430\u043d\u0438\u0440\u0443\u0435\u043c\u044b\u0435 \u043c\u0430\u0442\u0435\u0440\u0438\u0430\u043b\u044b",
        "content_type": 16,
        "codename": "add_planmaterials"
    }
},
{
    "model": "auth.permission",
    "pk": 62,
    "fields": {
        "name": "Can change \u041f\u043b\u0430\u043d\u0438\u0440\u0443\u0435\u043c\u044b\u0435 \u043c\u0430\u0442\u0435\u0440\u0438\u0430\u043b\u044b",
        "content_type": 16,
        "codename": "change_planmaterials"
    }
},
{
    "model": "auth.permission",
    "pk": 63,
    "fields": {
        "name": "Can delete \u041f\u043b\u0430\u043d\u0438\u0440\u0443\u0435\u043c\u044b\u0435 \u043c\u0430\u0442\u0435\u0440\u0438\u0430\u043b\u044b",
        "content_type": 16,
        "codename": "delete_planmaterials"
    }
},
{
    "model": "auth.permission",
    "pk": 64,
    "fields": {
        "name": "Can view \u041f\u043b\u0430\u043d\u0438\u0440\u0443\u0435\u043c\u044b\u0435 \u043c\u0430\u0442\u0435\u0440\u0438\u0430\u043b\u044b",
        "content_type": 16,
        "codename": "view_planmaterials"
    }
},
{
    "model": "auth.permission",
    "pk": 65,
    "fields": {
        "name": "Can add \u041f\u043e\u0441\u0442\u0430\u0432\u043b\u0435\u043d\u043d\u044b\u0435 \u043c\u0430\u0442\u0435\u0440\u0438\u0430\u043b\u044b",
        "content_type": 17,
        "codename": "add_deliveredmaterials"
    }
},
{
    "model": "auth.permission",
    "pk": 66,
    "fields": {
        "name": "Can change \u041f\u043e\u0441\u0442\u0430\u0432\u043b\u0435\u043d\u043d\u044b\u0435 \u043c\u0430\u0442\u0435\u0440\u0438\u0430\u043b\u044b",
        "content_type": 17,
        "codename": "change_deliveredmaterials"
    }
},
{
    "model": "auth.permission",
    "pk": 67,
    "fields": {
        "name": "Can delete \u041f\u043e\u0441\u0442\u0430\u0432\u043b\u0435\u043d\u043d\u044b\u0435 \u043c\u0430\u0442\u0435\u0440\u0438\u0430\u043b\u044b",
        "content_type": 17,
        "codename": "delete_deliveredmaterials"
    }
},
{
    "model": "auth.permission",
    "pk": 68,
    "fields": {
        "name": "Can view \u041f\u043e\u0441\u0442\u0430\u0432\u043b\u0435\u043d\u043d\u044b\u0435 \u043c\u0430\u0442\u0435\u0440\u0438\u0430\u043b\u044b",
        "content_type": 17,
        "codename": "view_deliveredmaterials"
    }
},
{
    "model": "auth.permission",
    "pk": 69,
    "fields": {
        "name": "Can add \u0413\u0440\u0443\u043f\u043f\u0430 \u043c\u0430\u0442\u0435\u0440\u0438\u0430\u043b\u043e\u0432 \u0438 \u0440\u0430\u0431\u043e\u0442",
        "content_type": 18,
        "codename": "add_groups"
    }
},
{
    "model": "auth.permission",
    "pk": 70,
    "fields": {
        "name": "Can change \u0413\u0440\u0443\u043f\u043f\u0430 \u043c\u0430\u0442\u0435\u0440\u0438\u0430\u043b\u043e\u0432 \u0438 \u0440\u0430\u0431\u043e\u0442",
        "content_type": 18,
        "codename": "change_groups"
    }
},
{
    "model": "auth.permission",
    "pk": 71,
    "fields": {
        "name": "Can delete \u0413\u0440\u0443\u043f\u043f\u0430 \u043c\u0430\u0442\u0435\u0440\u0438\u0430\u043b\u043e\u0432 \u0438 \u0440\u0430\u0431\u043e\u0442",
        "content_type": 18,
        "codename": "delete_groups"
    }
},
{
    "model": "auth.permission",
    "pk": 72,
    "fields": {
        "name": "Can view \u0413\u0440\u0443\u043f\u043f\u0430 \u043c\u0430\u0442\u0435\u0440\u0438\u0430\u043b\u043e\u0432 \u0438 \u0440\u0430\u0431\u043e\u0442",
        "content_type": 18,
        "codename": "view_groups"
    }
},
{
    "model": "auth.permission",
    "pk": 73,
    "fields": {
        "name": "Can add \u0413\u0440\u0443\u043f\u043f\u0430 \u043c\u0430\u0442\u0435\u0440\u0438\u0430\u043b\u043e\u0432 \u0438 \u0440\u0430\u0431\u043e\u0442",
        "content_type": 19,
        "codename": "add_groups"
    }
},
{
    "model": "auth.permission",
    "pk": 74,
    "fields": {
        "name": "Can change \u0413\u0440\u0443\u043f\u043f\u0430 \u043c\u0430\u0442\u0435\u0440\u0438\u0430\u043b\u043e\u0432 \u0438 \u0440\u0430\u0431\u043e\u0442",
        "content_type": 19,
        "codename": "change_groups"
    }
},
{
    "model": "auth.permission",
    "pk": 75,
    "fields": {
        "name": "Can delete \u0413\u0440\u0443\u043f\u043f\u0430 \u043c\u0430\u0442\u0435\u0440\u0438\u0430\u043b\u043e\u0432 \u0438 \u0440\u0430\u0431\u043e\u0442",
        "content_type": 19,
        "codename": "delete_groups"
    }
},
{
    "model": "auth.permission",
    "pk": 76,
    "fields": {
        "name": "Can view \u0413\u0440\u0443\u043f\u043f\u0430 \u043c\u0430\u0442\u0435\u0440\u0438\u0430\u043b\u043e\u0432 \u0438 \u0440\u0430\u0431\u043e\u0442",
        "content_type": 19,
        "codename": "view_groups"
    }
},
{
    "model": "auth.group",
    "pk": 1,
    "fields": {
        "name": "\u0420\u0443\u043a\u043e\u0432\u043e\u0434\u0441\u0442\u0432\u043e",
        "permissions": [
            13,
            14,
            15,
            16,
            69,
            70,
            71,
            72,
            57,
            58,
            59,
            60,
            61,
            62,
            63,
            64,
            33,
            34,
            35,
            36,
            29,
            30,
            31,
            32,
            21,
            22,
            23,
            24,
            25,
            26,
            27,
            28,
            37,
            38,
            39,
            40,
            49,
            50,
            51,
            52,
            41,
            42,
            43,
            44,
            45,
            46,
            47,
            48,
            53,
            54,
            55,
            56
        ]
    }
},
{
    "model": "auth.group",
    "pk": 2,
    "fields": {
        "name": "\u0420\u0430\u0431\u043e\u0442\u043d\u0438\u043a\u0438",
        "permissions": [
            72,
            60,
            64,
            36,
            32,
            24,
            28,
            37,
            38,
            39,
            40,
            52,
            44,
            48,
            56
        ]
    }
},
{
    "model": "project.customuser",
    "pk": 1,
    "fields": {
        "password": "pbkdf2_sha256$180000$PyFFmZBrVewZ$8DLGOo8rM/k994lSWABNRp8nWx0SXnVqRY6imTefcSo=",
        "last_login": "2020-08-06T12:08:01Z",
        "is_superuser": true,
        "username": "admin",
        "first_name": "admin",
        "last_name": "",
        "email": "",
        "is_staff": true,
        "is_active": true,
        "date_joined": "2020-08-06T12:07:58Z",
        "patronymic_name": "",
        "ID_Position": null,
        "groups": [],
        "user_permissions": []
    }
},
{
    "model": "project.customuser",
    "pk": 2,
    "fields": {
        "password": "pbkdf2_sha256$180000$yeBd6WQJxkG6$ZMCDytTNfIUQj4k7Yv7L3SSainCok0ixODS//h2uPYw=",
        "last_login": "2020-08-06T12:37:55.840Z",
        "is_superuser": false,
        "username": "a.bukin",
        "first_name": "\u0410\u043b\u0435\u043a\u0441\u0430\u043d\u0434\u0440",
        "last_name": "\u0411\u0443\u043a\u0438\u043d",
        "email": "",
        "is_staff": false,
        "is_active": true,
        "date_joined": "2020-08-06T12:09:57Z",
        "patronymic_name": "\u0418\u0433\u043e\u0440\u0435\u0432\u0438\u0447",
        "ID_Position": 12,
        "groups": [
            1
        ],
        "user_permissions": []
    }
},
{
    "model": "project.customuser",
    "pk": 3,
    "fields": {
        "password": "pbkdf2_sha256$180000$n03aPvol938A$EFmU+r08xR+7P8YnF4MbcXTOdwSAJ4x9fFV1pDzpJSg=",
        "last_login": "2020-08-06T12:37:17.043Z",
        "is_superuser": false,
        "username": "a.kleyn",
        "first_name": "\u0410\u043d\u0430\u0442\u043e\u043b\u0438\u0439",
        "last_name": "\u041a\u043b\u0435\u0439\u043d",
        "email": "",
        "is_staff": false,
        "is_active": true,
        "date_joined": "2020-08-06T12:10:44Z",
        "patronymic_name": "\u0414\u043c\u0438\u0442\u0440\u0438\u0435\u0432\u0438\u0447",
        "ID_Position": 15,
        "groups": [
            2
        ],
        "user_permissions": []
    }
},
{
    "model": "project.customuser",
    "pk": 4,
    "fields": {
        "password": "pbkdf2_sha256$180000$0FwoUTIYPJLF$AGkmP15l0LqmK8u4wEuzRGfHxzJegcLeM2pSCoU1E6s=",
        "last_login": null,
        "is_superuser": false,
        "username": "i.skumatenko",
        "first_name": "\u0418\u043b\u044c\u044f",
        "last_name": "\u0421\u043a\u0443\u043c\u0430\u0442\u0435\u043d\u043a\u043e",
        "email": "",
        "is_staff": false,
        "is_active": true,
        "date_joined": "2020-08-06T12:36:39Z",
        "patronymic_name": "\u041e\u043b\u0435\u0433\u043e\u0432\u0438\u0447",
        "ID_Position": 12,
        "groups": [
            1
        ],
        "user_permissions": []
    }
},
{
    "model": "object.object",
    "pk": 80,
    "fields": {
        "Name_Object": "2013 \u0422\u044e\u043c\u0435\u043d\u044c",
        "Adress_Object": "\u0433. \u0422\u044e\u043c\u0435\u043d\u044c, \u0421\u0442\u0430\u0447\u0435\u043a 4",
        "NCH_General": "1801.38",
        "NCH_Spent": "311.16",
        "NCH_Left": "1490.22",
        "Perform_proc": 17,
        "ID_Project": 1,
        "ID_Rukovoditel": 2,
        "ID_Menedger": null,
        "ID_Ingener": null,
        "ID_Montazhnik": 3,
        "FIO_zakazchika": "\u0424\u0435\u0434\u043e\u0440\u043e\u0432 \u0418\u0432\u0430\u043d \u041f\u0430\u0432\u043b\u043e\u0432\u0438\u0447",
        "Number_phone": "+79845621321",
        "Note": "",
        "slug": "2013-\u0442\u044e\u043c\u0435\u043d\u044c-1596715964"
    }
},
{
    "model": "object.object",
    "pk": 81,
    "fields": {
        "Name_Object": "2007 \u0427\u0435\u043b\u044f\u0431\u0438\u043d\u0441\u043a",
        "Adress_Object": "\u0433. \u0427\u0435\u043b\u044f\u0431\u0438\u043d\u0441\u043a, \u0443\u043b \u041b\u0435\u043d\u0438\u043d\u0430 33",
        "NCH_General": "0.00",
        "NCH_Spent": "0.00",
        "NCH_Left": "0.00",
        "Perform_proc": 0,
        "ID_Project": 1,
        "ID_Rukovoditel": 2,
        "ID_Menedger": null,
        "ID_Ingener": null,
        "ID_Montazhnik": null,
        "FIO_zakazchika": "\u041a\u0443\u0440\u043f\u0430\u0442\u043e\u0432 \u0410\u043d\u0434\u0440\u0435\u0439 \u0412\u0438\u043a\u0442\u043e\u0440\u043e\u0432\u0438\u0447",
        "Number_phone": "+79845516594",
        "Note": "",
        "slug": "2007-\u0447\u0435\u043b\u044f\u0431\u0438\u043d\u0441\u043a-1596717226"
    }
},
{
    "model": "admin.logentry",
    "pk": 165,
    "fields": {
        "action_time": "2020-08-06T12:08:11.054Z",
        "user": 1,
        "content_type": 6,
        "object_id": "12",
        "object_repr": "\u0420\u0443\u043a\u043e\u0432\u043e\u0434\u0438\u0442\u0435\u043b\u044c",
        "action_flag": 1,
        "change_message": "[{\"added\": {}}]"
    }
},
{
    "model": "admin.logentry",
    "pk": 166,
    "fields": {
        "action_time": "2020-08-06T12:08:14.751Z",
        "user": 1,
        "content_type": 6,
        "object_id": "13",
        "object_repr": "\u041c\u0435\u043d\u0435\u0434\u0436\u0435\u0440",
        "action_flag": 1,
        "change_message": "[{\"added\": {}}]"
    }
},
{
    "model": "admin.logentry",
    "pk": 167,
    "fields": {
        "action_time": "2020-08-06T12:08:18.477Z",
        "user": 1,
        "content_type": 6,
        "object_id": "14",
        "object_repr": "\u0418\u043d\u0436\u0435\u043d\u0435\u0440",
        "action_flag": 1,
        "change_message": "[{\"added\": {}}]"
    }
},
{
    "model": "admin.logentry",
    "pk": 168,
    "fields": {
        "action_time": "2020-08-06T12:08:25.340Z",
        "user": 1,
        "content_type": 6,
        "object_id": "15",
        "object_repr": "\u0411\u0440\u0438\u0433\u0430\u0434\u0438\u0440",
        "action_flag": 1,
        "change_message": "[{\"added\": {}}]"
    }
},
{
    "model": "admin.logentry",
    "pk": 169,
    "fields": {
        "action_time": "2020-08-06T12:08:29.378Z",
        "user": 1,
        "content_type": 6,
        "object_id": "16",
        "object_repr": "\u041c\u043e\u043d\u0442\u0430\u0436\u043d\u0438\u043a",
        "action_flag": 1,
        "change_message": "[{\"added\": {}}]"
    }
},
{
    "model": "admin.logentry",
    "pk": 170,
    "fields": {
        "action_time": "2020-08-06T12:09:37.520Z",
        "user": 1,
        "content_type": 8,
        "object_id": "1",
        "object_repr": " admin ",
        "action_flag": 2,
        "change_message": "[{\"changed\": {\"fields\": [\"First name\"]}}]"
    }
},
{
    "model": "admin.logentry",
    "pk": 171,
    "fields": {
        "action_time": "2020-08-06T12:09:57.994Z",
        "user": 1,
        "content_type": 8,
        "object_id": "2",
        "object_repr": "  ",
        "action_flag": 1,
        "change_message": "[{\"added\": {}}]"
    }
},
{
    "model": "admin.logentry",
    "pk": 172,
    "fields": {
        "action_time": "2020-08-06T12:10:27.723Z",
        "user": 1,
        "content_type": 8,
        "object_id": "2",
        "object_repr": "\u0411\u0443\u043a\u0438\u043d \u0410\u043b\u0435\u043a\u0441\u0430\u043d\u0434\u0440 \u0418\u0433\u043e\u0440\u0435\u0432\u0438\u0447",
        "action_flag": 2,
        "change_message": "[{\"changed\": {\"fields\": [\"First name\", \"Last name\", \"\\u041e\\u0442\\u0447\\u0435\\u0441\\u0442\\u0432\\u043e\", \"\\u0414\\u043e\\u043b\\u0436\\u043d\\u043e\\u0441\\u0442\\u044c\", \"Groups\"]}}]"
    }
},
{
    "model": "admin.logentry",
    "pk": 173,
    "fields": {
        "action_time": "2020-08-06T12:10:44.802Z",
        "user": 1,
        "content_type": 8,
        "object_id": "3",
        "object_repr": "  ",
        "action_flag": 1,
        "change_message": "[{\"added\": {}}]"
    }
},
{
    "model": "admin.logentry",
    "pk": 174,
    "fields": {
        "action_time": "2020-08-06T12:11:04.041Z",
        "user": 1,
        "content_type": 8,
        "object_id": "3",
        "object_repr": "\u041a\u043b\u0435\u0439\u043d \u0410\u043d\u0430\u0442\u043e\u043b\u0438\u0439 \u0414\u043c\u0438\u0442\u0440\u0438\u0435\u0432\u0438\u0447",
        "action_flag": 2,
        "change_message": "[{\"changed\": {\"fields\": [\"First name\", \"Last name\", \"\\u041e\\u0442\\u0447\\u0435\\u0441\\u0442\\u0432\\u043e\", \"\\u0414\\u043e\\u043b\\u0436\\u043d\\u043e\\u0441\\u0442\\u044c\", \"Groups\"]}}]"
    }
},
{
    "model": "admin.logentry",
    "pk": 175,
    "fields": {
        "action_time": "2020-08-06T12:36:39.675Z",
        "user": 1,
        "content_type": 8,
        "object_id": "4",
        "object_repr": "  ",
        "action_flag": 1,
        "change_message": "[{\"added\": {}}]"
    }
},
{
    "model": "admin.logentry",
    "pk": 176,
    "fields": {
        "action_time": "2020-08-06T12:37:11.614Z",
        "user": 1,
        "content_type": 8,
        "object_id": "4",
        "object_repr": "\u0421\u043a\u0443\u043c\u0430\u0442\u0435\u043d\u043a\u043e \u0418\u043b\u044c\u044f \u041e\u043b\u0435\u0433\u043e\u0432\u0438\u0447",
        "action_flag": 2,
        "change_message": "[{\"changed\": {\"fields\": [\"First name\", \"Last name\", \"\\u041e\\u0442\\u0447\\u0435\\u0441\\u0442\\u0432\\u043e\", \"\\u0414\\u043e\\u043b\\u0436\\u043d\\u043e\\u0441\\u0442\\u044c\", \"Groups\"]}}]"
    }
}
]
