[
{
    "model": "materials.materials",
    "pk": 8,
    "fields": {
        "name": "\u0417\u0430\u0436\u0438\u043c \u0432\u0438\u043d\u0442\u043e\u0432\u043e\u0439 \u043a\u0430\u043d\u0430\u0442\u043d\u044b\u0439 \u043e\u0446\u0438\u043d\u043a\u043e\u0432\u0430\u043d\u043d\u044b\u0439",
        "unit": 2,
        "group": 4
    }
},
{
    "model": "materials.materials",
    "pk": 9,
    "fields": {
        "name": "\u041a\u043e\u0443\u0448 \u0434\u043b\u044f \u0442\u0440\u043e\u0441\u0441\u0430 6\u043c\u043c",
        "unit": 2,
        "group": 4
    }
},
{
    "model": "materials.materials",
    "pk": 10,
    "fields": {
        "name": "\u0414\u0435\u0440\u0436\u0430\u0442\u0435\u043b\u044c DN36\u043c\u043c",
        "unit": 2,
        "group": 4
    }
},
{
    "model": "materials.materials",
    "pk": 11,
    "fields": {
        "name": "\u041a\u0440\u043e\u043d\u0448\u0442\u0435\u0439\u043d \u0423\u041d-\u0422",
        "unit": 2,
        "group": 4
    }
},
{
    "model": "materials.materials",
    "pk": 12,
    "fields": {
        "name": "\u0422\u0430\u043b\u0440\u0435\u043f \u0422-30-01",
        "unit": 2,
        "group": 4
    }
},
{
    "model": "materials.materials",
    "pk": 13,
    "fields": {
        "name": "\u041e\u0442\u0432\u0435\u0442\u0432\u0438\u0442\u0435\u043b\u044c\u043d\u044b\u0439 \u0441\u0436\u0438\u043c",
        "unit": 2,
        "group": 4
    }
},
{
    "model": "materials.materials",
    "pk": 14,
    "fields": {
        "name": "\u041f\u043e\u0434\u0432\u0435\u0441\u044b \u043c\u0435\u0442\u0430\u043b\u043b\u0438\u0447\u0435\u0441\u043a\u0438\u0435 \u041f-40",
        "unit": 2,
        "group": 4
    }
},
{
    "model": "materials.materials",
    "pk": 15,
    "fields": {
        "name": "\u0422\u0440\u0443\u0431\u0430 \u0441\u0442\u0430\u043b\u044c\u043d\u0430\u044f \u043f\u0440\u044f\u043c\u043e\u0448\u043e\u0432\u043d\u0430\u044f d=57 \u0441\u0442.3",
        "unit": 1,
        "group": 4
    }
},
{
    "model": "materials.materials",
    "pk": 16,
    "fields": {
        "name": "\u041a\u0430\u0431\u0435\u043b\u044c \u0441\u0438\u043b\u043e\u0432\u043e\u0439 \u044d\u043a\u0440\u0430\u043d\u0438\u0440\u043e\u0432\u0430\u043d\u043d\u044b\u0439",
        "unit": 1,
        "group": 4
    }
},
{
    "model": "materials.materials",
    "pk": 17,
    "fields": {
        "name": "\u0412\u0412\u0413\u042d\u043d\u0433-LS 5\u044510",
        "unit": 1,
        "group": 4
    }
},
{
    "model": "materials.materials",
    "pk": 18,
    "fields": {
        "name": "\u0412\u0412\u0413\u042d\u043d\u0433-LS 5\u044516",
        "unit": 1,
        "group": 4
    }
},
{
    "model": "materials.materials",
    "pk": 19,
    "fields": {
        "name": "\u0417\u0430\u0436\u0438\u043c \u0432\u0438\u043d\u0442\u043e\u0432\u043e\u0439 \u043a\u0430\u043d\u0430\u0442\u043d\u044b\u0439 \u043e\u0446\u0438\u043d\u043a\u043e\u0432\u0430\u043d\u043d\u044b\u0439",
        "unit": 2,
        "group": 4
    }
},
{
    "model": "materials.materials",
    "pk": 20,
    "fields": {
        "name": "\u041a\u0430\u0431\u0435\u043b\u044c-\u043a\u0430\u043d\u0430\u043b \u0441 \u0444\u0440\u043e\u043d\u0442\u0430\u043b\u044c\u043d\u043e\u0439 \u043a\u0440\u044b\u0448\u043a\u043e\u0439 110\u044550",
        "unit": 1,
        "group": 3
    }
},
{
    "model": "materials.materials",
    "pk": 21,
    "fields": {
        "name": "\u0420\u0430\u0437\u0434\u0435\u043b\u0438\u0442\u0435\u043b\u044c \u0443\u043d\u0438\u0432\u0435\u0440\u0441\u0438\u0430\u043b\u044c\u043d\u044b\u0439 \u0434\u043b\u044f \u043a\u0430\u0431\u0435\u043b\u044c-\u043a\u0430\u043d\u0430\u043b 110\u044550",
        "unit": 1,
        "group": 3
    }
},
{
    "model": "materials.materials",
    "pk": 22,
    "fields": {
        "name": "\u041d\u0430\u043a\u043b\u0430\u0434\u043a\u0430 \u043d\u0430 \u0441\u0442\u044b\u043a \u043f\u0440\u043e\u0444\u0438\u043b\u044f \u0434\u043b\u044f \u043a\u0430\u0431\u0435\u043b\u044c-\u043a\u0430\u043d\u0430\u043b 110\u044550",
        "unit": 2,
        "group": 3
    }
},
{
    "model": "materials.materials",
    "pk": 23,
    "fields": {
        "name": "\u041d\u0430\u043a\u043b\u0430\u0434\u043a\u0430 \u043d\u0430 \u0441\u0442\u044b\u043a \u0444\u0440\u043e\u043d\u0442\u0430\u043b\u044c\u043d\u0430\u044f \u0434\u043b\u044f \u043a\u0430\u0431\u0435\u043b\u044c-\u043a\u0430\u043d\u0430\u043b 110\u044550",
        "unit": 2,
        "group": 3
    }
},
{
    "model": "materials.materials",
    "pk": 24,
    "fields": {
        "name": "\u0423\u0433\u043e\u043b \u0432\u043d\u0435\u0448\u043d\u0438\u0439 \u0438\u0437\u043c\u0435\u043d\u044f\u0435\u043c\u044b\u0439(80-120) \u0434\u043b\u044f \u043a\u0430\u0431\u0435\u043b\u044c-\u043a\u0430\u043d\u0430\u043b\u0430 110\u044550",
        "unit": 2,
        "group": 3
    }
},
{
    "model": "materials.materials",
    "pk": 25,
    "fields": {
        "name": "\u0423\u0433\u043e\u043b \u0432\u043d\u0443\u0442\u0440\u0435\u043d\u043d\u0438\u0439 \u0438\u0437\u043c\u0435\u043d\u044f\u0435\u043c\u044b\u0439(70-120) \u0434\u043b\u044f \u043a\u0430\u0431\u0435\u043b\u044c-\u043a\u0430\u043d\u0430\u043b\u0430 110\u044550",
        "unit": 2,
        "group": 3
    }
},
{
    "model": "materials.materials",
    "pk": 26,
    "fields": {
        "name": "\u0423\u0433\u043e\u043b \u043f\u043b\u043e\u0441\u043a\u0438\u0439  \u0434\u043b\u044f \u043a\u0430\u0431\u0435\u043b\u044c-\u043a\u0430\u043d\u0430\u043b\u0430 110\u044550",
        "unit": 2,
        "group": 3
    }
},
{
    "model": "materials.materials",
    "pk": 27,
    "fields": {
        "name": "\u0422\u0440\u043e\u0439\u043d\u0438\u043a \u0434\u043b\u044f \u043a\u0430\u0431\u0435\u043b\u044c-\u043a\u0430\u043d\u0430\u043b\u0430 110\u044550",
        "unit": 2,
        "group": 3
    }
},
{
    "model": "materials.materials",
    "pk": 28,
    "fields": {
        "name": "\u0412\u044b\u043a\u043b\u044e\u0447\u0430\u0442\u0435\u043b\u044c \u043d\u0430\u0433\u0440\u0443\u0437\u043a\u0438 \u042d\u043f",
        "unit": 2,
        "group": 3
    }
},
{
    "model": "materials.materials",
    "pk": 29,
    "fields": {
        "name": "\u0412\u044b\u043a\u043b\u044e\u0447\u0430\u0442\u0435\u043b\u044c \u043d\u0430\u0433\u0440\u0443\u0437\u043a\u0438 \u042d\u043f",
        "unit": 2,
        "group": 3
    }
},
{
    "model": "materials.materials",
    "pk": 30,
    "fields": {
        "name": "\u0429\u0438\u0442 \u044d\u043b\u0435\u043a\u0442\u0440\u0438\u0447\u0435\u0441\u043a\u0438\u0439 \u0441 \u0443\u0441\u0442\u0440\u043e\u0439\u0441\u0442\u0432\u043e\u043c \u0434\u043b\u044f \u043e\u043f\u0435\u0447\u0430\u0442\u044b\u0432\u0430\u043d\u0438\u044f",
        "unit": 2,
        "group": 3
    }
},
{
    "model": "materials.materials",
    "pk": 31,
    "fields": {
        "name": "\u0429\u0438\u0442 \u044d\u043b\u0435\u043a\u0442\u0440\u0438\u0447\u0435\u0441\u043a\u0438\u0439 \u0441 \u0443\u0441\u0442\u0440\u043e\u0439\u0441\u0442\u0432\u043e\u043c \u0434\u043b\u044f \u043e\u043f\u0435\u0447\u0430\u0442\u044b\u0432\u0430\u043d\u0438\u044f",
        "unit": 2,
        "group": 3
    }
},
{
    "model": "materials.materials",
    "pk": 32,
    "fields": {
        "name": "\u0417\u0430\u0433\u043b\u0443\u0448\u043a\u0430 \u0434\u043b\u044f \u0449\u0438\u0442\u0430 \u044d\u043b\u0435\u043a\u0442\u0440\u0438\u0447\u0435\u0441\u043a\u043e\u0433\u043e",
        "unit": 2,
        "group": 3
    }
},
{
    "model": "materials.materials",
    "pk": 33,
    "fields": {
        "name": "\u0420\u043e\u0437\u0435\u0442\u043a\u0430 \u044d\u043b\u0435\u043a\u0442\u0440\u0438\u0447\u0435\u0441\u043a\u0430\u044f",
        "unit": 2,
        "group": 3
    }
},
{
    "model": "materials.planmaterials",
    "pk": 7,
    "fields": {
        "material": 9,
        "quantity_plan": "4.00",
        "quantity_delivered": "0.00",
        "name_object": 80,
        "group": 4
    }
},
{
    "model": "materials.planmaterials",
    "pk": 8,
    "fields": {
        "material": 11,
        "quantity_plan": "2.00",
        "quantity_delivered": "0.00",
        "name_object": 80,
        "group": 4
    }
},
{
    "model": "materials.planmaterials",
    "pk": 9,
    "fields": {
        "material": 13,
        "quantity_plan": "3.00",
        "quantity_delivered": "0.00",
        "name_object": 80,
        "group": 4
    }
},
{
    "model": "materials.planmaterials",
    "pk": 10,
    "fields": {
        "material": 17,
        "quantity_plan": "67.00",
        "quantity_delivered": "0.00",
        "name_object": 80,
        "group": 1
    }
},
{
    "model": "materials.planmaterials",
    "pk": 11,
    "fields": {
        "material": 18,
        "quantity_plan": "6.00",
        "quantity_delivered": "0.00",
        "name_object": 80,
        "group": 1
    }
},
{
    "model": "materials.planmaterials",
    "pk": 12,
    "fields": {
        "material": 29,
        "quantity_plan": "5.00",
        "quantity_delivered": "0.00",
        "name_object": 80,
        "group": 1
    }
},
{
    "model": "materials.planmaterials",
    "pk": 13,
    "fields": {
        "material": 23,
        "quantity_plan": "56.00",
        "quantity_delivered": "0.00",
        "name_object": 80,
        "group": 3
    }
},
{
    "model": "materials.planmaterials",
    "pk": 14,
    "fields": {
        "material": 20,
        "quantity_plan": "66.00",
        "quantity_delivered": "0.00",
        "name_object": 80,
        "group": 3
    }
},
{
    "model": "materials.planmaterials",
    "pk": 15,
    "fields": {
        "material": 26,
        "quantity_plan": "34.00",
        "quantity_delivered": "0.00",
        "name_object": 80,
        "group": 3
    }
},
{
    "model": "project.position",
    "pk": 12,
    "fields": {
        "Name_Position": "\u0420\u0443\u043a\u043e\u0432\u043e\u0434\u0438\u0442\u0435\u043b\u044c"
    }
},
{
    "model": "project.position",
    "pk": 13,
    "fields": {
        "Name_Position": "\u041c\u0435\u043d\u0435\u0434\u0436\u0435\u0440"
    }
},
{
    "model": "project.position",
    "pk": 14,
    "fields": {
        "Name_Position": "\u0418\u043d\u0436\u0435\u043d\u0435\u0440"
    }
},
{
    "model": "project.position",
    "pk": 15,
    "fields": {
        "Name_Position": "\u0411\u0440\u0438\u0433\u0430\u0434\u0438\u0440"
    }
},
{
    "model": "project.position",
    "pk": 16,
    "fields": {
        "Name_Position": "\u041c\u043e\u043d\u0442\u0430\u0436\u043d\u0438\u043a"
    }
},
{
    "model": "project.customuser",
    "pk": 1,
    "fields": {
        "password": "pbkdf2_sha256$180000$PyFFmZBrVewZ$8DLGOo8rM/k994lSWABNRp8nWx0SXnVqRY6imTefcSo=",
        "last_login": "2020-08-06T12:08:01Z",
        "is_superuser": true,
        "username": "admin",
        "first_name": "admin",
        "last_name": "",
        "email": "",
        "is_staff": true,
        "is_active": true,
        "date_joined": "2020-08-06T12:07:58Z",
        "patronymic_name": "",
        "ID_Position": null,
        "groups": [],
        "user_permissions": []
    }
},
{
    "model": "project.customuser",
    "pk": 2,
    "fields": {
        "password": "pbkdf2_sha256$180000$yeBd6WQJxkG6$ZMCDytTNfIUQj4k7Yv7L3SSainCok0ixODS//h2uPYw=",
        "last_login": "2020-08-06T12:37:55.840Z",
        "is_superuser": false,
        "username": "a.bukin",
        "first_name": "\u0410\u043b\u0435\u043a\u0441\u0430\u043d\u0434\u0440",
        "last_name": "\u0411\u0443\u043a\u0438\u043d",
        "email": "",
        "is_staff": false,
        "is_active": true,
        "date_joined": "2020-08-06T12:09:57Z",
        "patronymic_name": "\u0418\u0433\u043e\u0440\u0435\u0432\u0438\u0447",
        "ID_Position": 12,
        "groups": [
            1
        ],
        "user_permissions": []
    }
},
{
    "model": "project.customuser",
    "pk": 3,
    "fields": {
        "password": "pbkdf2_sha256$180000$n03aPvol938A$EFmU+r08xR+7P8YnF4MbcXTOdwSAJ4x9fFV1pDzpJSg=",
        "last_login": "2020-08-06T12:37:17.043Z",
        "is_superuser": false,
        "username": "a.kleyn",
        "first_name": "\u0410\u043d\u0430\u0442\u043e\u043b\u0438\u0439",
        "last_name": "\u041a\u043b\u0435\u0439\u043d",
        "email": "",
        "is_staff": false,
        "is_active": true,
        "date_joined": "2020-08-06T12:10:44Z",
        "patronymic_name": "\u0414\u043c\u0438\u0442\u0440\u0438\u0435\u0432\u0438\u0447",
        "ID_Position": 15,
        "groups": [
            2
        ],
        "user_permissions": []
    }
},
{
    "model": "project.customuser",
    "pk": 4,
    "fields": {
        "password": "pbkdf2_sha256$180000$0FwoUTIYPJLF$AGkmP15l0LqmK8u4wEuzRGfHxzJegcLeM2pSCoU1E6s=",
        "last_login": null,
        "is_superuser": false,
        "username": "i.skumatenko",
        "first_name": "\u0418\u043b\u044c\u044f",
        "last_name": "\u0421\u043a\u0443\u043c\u0430\u0442\u0435\u043d\u043a\u043e",
        "email": "",
        "is_staff": false,
        "is_active": true,
        "date_joined": "2020-08-06T12:36:39Z",
        "patronymic_name": "\u041e\u043b\u0435\u0433\u043e\u0432\u0438\u0447",
        "ID_Position": 12,
        "groups": [
            1
        ],
        "user_permissions": []
    }
},
{
    "model": "project.project",
    "pk": 1,
    "fields": {
        "Name_Project": "2015-5.986",
        "Perform_proc": 8,
        "slug": "2015-5986-1589274616"
    }
},
{
    "model": "project.project",
    "pk": 2,
    "fields": {
        "Name_Project": "20154-33",
        "Perform_proc": 0,
        "slug": "20154-33-1589274628"
    }
},
{
    "model": "work.unit",
    "pk": 1,
    "fields": {
        "name": "\u043c."
    }
},
{
    "model": "work.unit",
    "pk": 2,
    "fields": {
        "name": "\u0448\u0442."
    }
},
{
    "model": "work.unit",
    "pk": 3,
    "fields": {
        "name": "\u043a\u043e\u043c\u043f\u043b."
    }
},
{
    "model": "work.unit",
    "pk": 4,
    "fields": {
        "name": "100 \u0436\u0438\u043b"
    }
},
{
    "model": "work.unit",
    "pk": 5,
    "fields": {
        "name": "\u0442."
    }
},
{
    "model": "work.unit",
    "pk": 6,
    "fields": {
        "name": "\u043c2"
    }
},
{
    "model": "work.unit",
    "pk": 7,
    "fields": {
        "name": "\u043c3"
    }
},
{
    "model": "work.unit",
    "pk": 8,
    "fields": {
        "name": "\u043d\u043e\u043c\u0435\u0440"
    }
},
{
    "model": "work.groups",
    "pk": 1,
    "fields": {
        "name": "\u0412\u042d\u0420\u0421"
    }
},
{
    "model": "work.groups",
    "pk": 2,
    "fields": {
        "name": "\u0420\u0421\u041e\u0422\u0421"
    }
},
{
    "model": "work.groups",
    "pk": 3,
    "fields": {
        "name": "\u041a\u041d\u0421"
    }
},
{
    "model": "work.groups",
    "pk": 4,
    "fields": {
        "name": "\u0412\u0420\u0421"
    }
},
{
    "model": "work.groups",
    "pk": 5,
    "fields": {
        "name": "\u042d\u0417"
    }
},
{
    "model": "work.groups",
    "pk": 6,
    "fields": {
        "name": "\u041b\u0412\u0421\u0417\u0421"
    }
},
{
    "model": "work.typeofwork",
    "pk": 1,
    "fields": {
        "name": "\u041c\u043e\u043d\u0442\u0430\u0436 \u0441\u0442\u0430\u043d\u0446\u0438\u0438 \u0410\u0422\u0421-\u0420",
        "NCH_unit_of_time": "0.32",
        "unit": 8,
        "group": 2
    }
},
{
    "model": "work.typeofwork",
    "pk": 2,
    "fields": {
        "name": "\u041f\u0440\u043e\u043a\u043b\u0430\u0434\u043a\u0430 \u043a\u0430\u0431\u0435\u043b\u044f (\u043f\u043e \u043a\u043e\u043b-\u0432\u0443 \u043a\u0430\u0431\u0435\u043b\u044f \u043d\u0430 \u043e\u0431\u044a\u0435\u043a\u0442\u0435)",
        "NCH_unit_of_time": "0.08",
        "unit": 1,
        "group": 1
    }
},
{
    "model": "work.typeofwork",
    "pk": 3,
    "fields": {
        "name": "\u041f\u0440\u0438\u0431\u043e\u0440, \u0443\u0441\u0442\u0430\u043d\u0430\u0432\u043b\u0438\u0432\u0430\u0435\u043c\u044b\u0439 \u043d\u0430 \u0440\u0435\u0437\u044c\u0431\u043e\u0432\u044b\u0445 \u0441\u043e\u0435\u0434\u0438\u043d\u0435\u043d\u0438\u044f\u0445, \u043c\u0430\u0441\u0441\u0430 \u0434\u043e 1,5 \u043a\u0433",
        "NCH_unit_of_time": "0.68",
        "unit": 2,
        "group": 4
    }
},
{
    "model": "work.typeofwork",
    "pk": 4,
    "fields": {
        "name": "\u041c\u043e\u043d\u0442\u0430\u0436 \u0432\u0438\u0434\u0435\u043e\u0441\u0442\u0435\u043d\u044b",
        "NCH_unit_of_time": "77.46",
        "unit": 2,
        "group": 6
    }
},
{
    "model": "work.typeofwork",
    "pk": 5,
    "fields": {
        "name": "\u0423\u0441\u0442\u0430\u043d\u043e\u0432\u043a\u0430 \u043c\u0438\u043a\u0440\u043e\u0444\u043e\u043d\u0430",
        "NCH_unit_of_time": "1.82",
        "unit": 2,
        "group": 2
    }
},
{
    "model": "work.typeofwork",
    "pk": 6,
    "fields": {
        "name": "\u0413\u0435\u0440\u043c\u0435\u0442\u0438\u0437\u0430\u0446\u0438\u044f \u043e\u0442\u0432\u0435\u0440\u0441\u0442\u0438\u0439",
        "NCH_unit_of_time": "0.32",
        "unit": 2,
        "group": 3
    }
},
{
    "model": "work.planworks",
    "pk": 229,
    "fields": {
        "name_object": 80,
        "type_works": 6,
        "quantity_plan": "34.00",
        "NCH_general": "10.88",
        "quantity_complete": "2.00",
        "NCH_left": "10.24",
        "NCH_spent": "0.64",
        "perform_proc": 5,
        "comment": "",
        "color": "(240, 15, 0)"
    }
},
{
    "model": "work.planworks",
    "pk": 230,
    "fields": {
        "name_object": 80,
        "type_works": 4,
        "quantity_plan": "23.00",
        "NCH_general": "1781.58",
        "quantity_complete": "4.00",
        "NCH_left": "1471.74",
        "NCH_spent": "309.84",
        "perform_proc": 17,
        "comment": "",
        "color": "(204, 51, 0)"
    }
},
{
    "model": "work.planworks",
    "pk": 231,
    "fields": {
        "name_object": 80,
        "type_works": 3,
        "quantity_plan": "1.00",
        "NCH_general": "0.68",
        "quantity_complete": "1.00",
        "NCH_left": "0.00",
        "NCH_spent": "0.68",
        "perform_proc": 100,
        "comment": "",
        "color": "(-45, 300, 0)"
    }
},
{
    "model": "work.planworks",
    "pk": 232,
    "fields": {
        "name_object": 80,
        "type_works": 1,
        "quantity_plan": "3.00",
        "NCH_general": "0.96",
        "quantity_complete": "0.00",
        "NCH_left": "0.96",
        "NCH_spent": "0.00",
        "perform_proc": 0,
        "comment": "",
        "color": "(255, 0, 0)"
    }
},
{
    "model": "work.planworks",
    "pk": 233,
    "fields": {
        "name_object": 80,
        "type_works": 5,
        "quantity_plan": "4.00",
        "NCH_general": "7.28",
        "quantity_complete": "0.00",
        "NCH_left": "7.28",
        "NCH_spent": "0.00",
        "perform_proc": 0,
        "comment": "",
        "color": "(255, 0, 0)"
    }
},
{
    "model": "work.completeworks",
    "pk": 288,
    "fields": {
        "name_object": 80,
        "type_works": 6,
        "plan": 229,
        "quantity_complete": "2.00",
        "NCH_left": "10.24",
        "NCH_spent": "0.64",
        "comment": "",
        "date": "2020-08-06",
        "senior": "  a. .",
        "perform_proc": 5,
        "color": "(240, 15, 0)"
    }
},
{
    "model": "work.completeworks",
    "pk": 289,
    "fields": {
        "name_object": 80,
        "type_works": 4,
        "plan": 230,
        "quantity_complete": "4.00",
        "NCH_left": "1471.74",
        "NCH_spent": "309.84",
        "comment": "",
        "date": "2020-08-06",
        "senior": "  a. .",
        "perform_proc": 17,
        "color": "(204, 51, 0)"
    }
},
{
    "model": "work.completeworks",
    "pk": 290,
    "fields": {
        "name_object": 80,
        "type_works": 3,
        "plan": 231,
        "quantity_complete": "1.00",
        "NCH_left": "0.00",
        "NCH_spent": "0.68",
        "comment": "",
        "date": "2020-08-06",
        "senior": "  a. .",
        "perform_proc": 100,
        "color": "(-45, 300, 0)"
    }
},
{
    "model": "object.object",
    "pk": 80,
    "fields": {
        "Name_Object": "2013 \u0422\u044e\u043c\u0435\u043d\u044c",
        "Adress_Object": "\u0433. \u0422\u044e\u043c\u0435\u043d\u044c, \u0421\u0442\u0430\u0447\u0435\u043a 4",
        "NCH_General": "1801.38",
        "NCH_Spent": "311.16",
        "NCH_Left": "1490.22",
        "Perform_proc": 17,
        "ID_Project": 1,
        "ID_Rukovoditel": 2,
        "ID_Menedger": null,
        "ID_Ingener": null,
        "ID_Montazhnik": 3,
        "FIO_zakazchika": "\u0424\u0435\u0434\u043e\u0440\u043e\u0432 \u0418\u0432\u0430\u043d \u041f\u0430\u0432\u043b\u043e\u0432\u0438\u0447",
        "Number_phone": "+79845621321",
        "Note": "",
        "slug": "2013-\u0442\u044e\u043c\u0435\u043d\u044c-1596715964"
    }
},
{
    "model": "object.object",
    "pk": 81,
    "fields": {
        "Name_Object": "2007 \u0427\u0435\u043b\u044f\u0431\u0438\u043d\u0441\u043a",
        "Adress_Object": "\u0433. \u0427\u0435\u043b\u044f\u0431\u0438\u043d\u0441\u043a, \u0443\u043b \u041b\u0435\u043d\u0438\u043d\u0430 33",
        "NCH_General": "0.00",
        "NCH_Spent": "0.00",
        "NCH_Left": "0.00",
        "Perform_proc": 0,
        "ID_Project": 1,
        "ID_Rukovoditel": 2,
        "ID_Menedger": null,
        "ID_Ingener": null,
        "ID_Montazhnik": null,
        "FIO_zakazchika": "\u041a\u0443\u0440\u043f\u0430\u0442\u043e\u0432 \u0410\u043d\u0434\u0440\u0435\u0439 \u0412\u0438\u043a\u0442\u043e\u0440\u043e\u0432\u0438\u0447",
        "Number_phone": "+79845516594",
        "Note": "",
        "slug": "2007-\u0447\u0435\u043b\u044f\u0431\u0438\u043d\u0441\u043a-1596717226"
    }
}
]
